NOME,E-MAIL,TELEFONE
Víctor Costa,Victor.Costa17@hotmail.com,(74) 72345-1323
Esther Albuquerque,Esther83@live.com,(49) 32508-7145
Enzo Gabriel Xavier,EnzoGabriel.Xavier0@gmail.com,(62) 78851-1132
Lorena Barros,Lorena.Barros57@bol.com.br,(97) 90812-6973
Sirineu Saraiva,Sirineu_Saraiva9@bol.com.br,(39) 56732-4890
Feliciano Xavier,Feliciano_Xavier@live.com,(88) 53024-4546
Felícia Reis,Felicia5@hotmail.com,(64) 07219-2401
Ricardo Costa,Ricardo90@yahoo.com,(95) 15640-0936
Marcela Albuquerque,Marcela.Albuquerque52@hotmail.com,(62) 98374-5260
Margarida Santos,Margarida.Santos50@bol.com.br,(80) 03361-7389
Alice Franco,Alice11@gmail.com,(18) 73520-1379
Bernardo Batista,Bernardo_Batista56@live.com,(41) 23396-4047
Pedro Henrique Costa,PedroHenrique_Costa@hotmail.com,(47) 36736-4029
Emanuel Barros,Emanuel.Barros@live.com,(02) 58878-1544
Lorena Pereira,Lorena.Pereira@gmail.com,(27) 72232-0334
Emanuelly Albuquerque,Emanuelly28@hotmail.com,(90) 24903-5568
Daniel Saraiva,Daniel38@gmail.com,(46) 90952-9200
Ana Luiza Albuquerque,AnaLuiza62@yahoo.com,(79) 62687-6040
Hélio Silva,Helio45@yahoo.com,(04) 79391-7542
Talita Moreira,Talita26@hotmail.com,(22) 55486-7632
Marcelo Martins,Marcelo_Martins51@bol.com.br,(01) 34653-3379
Isis Franco,Isis40@live.com,(69) 57610-2949
Eloá Barros,Eloa_Barros@gmail.com,(00) 10194-4708
Larissa Costa,Larissa_Costa89@gmail.com,(17) 70885-7459
Paulo Barros,Paulo3@hotmail.com,(91) 73367-5877
Vicente Oliveira,Vicente.Oliveira48@gmail.com,(08) 83620-5671
Maria Helena Braga,MariaHelena.Braga@yahoo.com,(79) 26078-6430
Yango Moreira,Yango_Moreira@hotmail.com,(25) 75728-3344
Sirineu Moraes,Sirineu_Moraes78@live.com,(32) 55942-0333
Felipe Souza,Felipe.Souza@live.com,(13) 11430-2803
Raul Pereira,Raul_Pereira@hotmail.com,(99) 59634-3851
Samuel Pereira,Samuel_Pereira13@hotmail.com,(41) 96445-9987
Meire Santos,Meire.Santos@gmail.com,(89) 54972-1509
Deneval Albuquerque,Deneval62@yahoo.com,(37) 12733-0428
Norberto Nogueira,Norberto.Nogueira84@live.com,(00) 81336-4439
Rafael Silva,Rafael_Silva98@yahoo.com,(44) 86737-1874
Murilo Souza,Murilo80@gmail.com,(46) 20535-9445
Salvador Batista,Salvador.Batista@live.com,(00) 83142-1106
Isabel Nogueira,Isabel.Nogueira@hotmail.com,(10) 48114-9728
Hélio Martins,Helio56@gmail.com,(20) 80189-0094
Bernardo Reis,Bernardo.Reis@bol.com.br,(04) 83854-8578
Sirineu Batista,Sirineu90@live.com,(01) 17223-9338
Fabiano Franco,Fabiano.Franco71@gmail.com,(16) 54536-1168
Vitória Melo,Vitoria46@bol.com.br,(75) 40043-3220
Júlio Moreira,Julio_Moreira@hotmail.com,(97) 58944-0732
Vitor Moreira,Vitor.Moreira33@yahoo.com,(32) 36047-8172
Lucas Pereira,Lucas58@live.com,(28) 35210-5356
Enzo Silva,Enzo75@live.com,(17) 92794-5592
Silas Moreira,Silas_Moreira@yahoo.com,(42) 31341-3649
Noah Franco,Noah68@bol.com.br,(76) 35258-1513
Gustavo Saraiva,Gustavo_Saraiva9@yahoo.com,(55) 58048-9680
Ana Júlia Batista,AnaJulia67@live.com,(17) 48912-4242
Pablo Albuquerque,Pablo36@live.com,(84) 71413-5455
Dalila Braga,Dalila.Braga2@gmail.com,(43) 82052-0681
Raul Albuquerque,Raul.Albuquerque54@bol.com.br,(91) 24222-4739
Mércia Martins,Mercia76@gmail.com,(97) 33300-0103
Gúbio Macedo,Gubio.Macedo85@gmail.com,(08) 33717-4728
Margarida Oliveira,Margarida81@live.com,(95) 70570-1196
Gael Silva,Gael_Silva@bol.com.br,(70) 24589-6754
Ofélia Nogueira,Ofelia_Nogueira13@bol.com.br,(29) 18831-7710
Ricardo Saraiva,Ricardo.Saraiva@bol.com.br,(61) 85215-1504
Laura Xavier,Laura_Xavier32@gmail.com,(56) 56035-9586
Ladislau Souza,Ladislau77@live.com,(48) 40350-4689
Rafael Nogueira,Rafael_Nogueira@yahoo.com,(41) 94289-9437
Fabrício Moraes,Fabricio91@hotmail.com,(37) 42371-8008
Isaac Reis,Isaac.Reis63@gmail.com,(94) 17295-7372
Júlio César Reis,JulioCesar_Reis23@live.com,(69) 37969-5735
Lucas Saraiva,Lucas71@yahoo.com,(07) 54061-6273
Maria Cecília Costa,MariaCecilia65@live.com,(87) 76648-5618
Henrique Pereira,Henrique25@yahoo.com,(10) 02570-6990
Isabella Pereira,Isabella.Pereira2@gmail.com,(49) 52006-3431
Noah Carvalho,Noah46@hotmail.com,(76) 23377-7032
Ana Júlia Macedo,AnaJulia86@bol.com.br,(08) 00035-4724
Silas Saraiva,Silas87@hotmail.com,(91) 73543-5065
Maria Júlia Souza,MariaJulia.Souza49@yahoo.com,(80) 14394-6010
Félix Martins,Felix_Martins14@hotmail.com,(38) 63712-9234
Ladislau Albuquerque,Ladislau.Albuquerque@hotmail.com,(15) 72365-8717
Marli Silva,Marli.Silva35@gmail.com,(26) 24840-3256
João Pedro Souza,JoaoPedro_Souza79@bol.com.br,(16) 07957-1505
Isabella Reis,Isabella_Reis43@live.com,(27) 98822-8721
Isabelly Souza,Isabelly.Souza@gmail.com,(28) 48614-4409
Gael Nogueira,Gael.Nogueira@hotmail.com,(28) 84974-9329
Janaína Santos,Janaina5@bol.com.br,(05) 63106-4927
Sara Souza,Sara.Souza97@gmail.com,(59) 42546-1594
Murilo Franco,Murilo_Franco42@live.com,(08) 15828-8333
Antônio Costa,Antonio_Costa@yahoo.com,(11) 43582-3183
Yuri Franco,Yuri32@yahoo.com,(41) 36371-3612
Cecília Batista,Cecilia.Batista5@live.com,(82) 51543-2901
Danilo Carvalho,Danilo.Carvalho77@yahoo.com,(45) 20867-0251
Sirineu Santos,Sirineu.Santos91@gmail.com,(22) 71588-3099
Enzo Oliveira,Enzo.Oliveira44@bol.com.br,(61) 58095-3746
Pablo Pereira,Pablo16@bol.com.br,(99) 56335-0984
Isaac Souza,Isaac.Souza46@yahoo.com,(08) 90965-8155
Morgana Santos,Morgana76@gmail.com,(70) 26858-9920
Anthony Albuquerque,Anthony94@gmail.com,(79) 57464-9804
Noah Nogueira,Noah.Nogueira@live.com,(94) 66454-0681
Lucas Silva,Lucas.Silva83@live.com,(83) 40259-8397
Elisa Saraiva,Elisa36@hotmail.com,(46) 77152-1243
Tertuliano Braga,Tertuliano_Braga@yahoo.com,(71) 27659-5312
Maria Reis,Maria.Reis@gmail.com,(98) 20504-2685
